{"loss_total": [0.39351864574476353, 0.29497698184386106, 0.24068295213716828, 0.2105519510360034, 0.18701555021978677, 0.16965746798274645, 0.1569391467809113, 0.14695738851185536, 0.13872366855188847, 0.13173647734704325, 0.12618929564821596], "loss_amp": [0.18558191561252926, 0.18163265879291574, 0.17743272977002036, 0.17325646381074333, 0.17027524746677658, 0.16794006063850828, 0.1660590081901988, 0.16462400261699894, 0.16356196378687826, 0.16276967250597624, 0.16216525969583845], "loss_phase": [0.6014553758769978, 0.4083213048948064, 0.3039331745043162, 0.2478474382612635, 0.20375585297279694, 0.1713748753269846, 0.14781928537162384, 0.12929077440671174, 0.11388537331689869, 0.10070328218811023, 0.09021333160059346]}